SKU;Nome;Categoria;Operação;Montável;Quantidade;Valor_Unitario;Subtotal;Descontos;Valor_Total
11487BJ;Brooklyn;BURGUERS;Zig Card;VERDADEIRO;28;42,71;1196,00;66,00;1130,00
13;Do Carlinhos;Z- ANTIGOS;Zig Card;VERDADEIRO;138;33,87;4674,00;38,40;4635,60
k;Margarita;CLÁSSICOS;Zig Card;FALSO;143;44,00;6292,00;675,40;5616,60
11487A6;Fervo - Solteiros;Z-AUTORAIS ANTIGOS ;Zig Card;FALSO;5;42,00;210,00;0,00;210,00
A0;Maktub Malbec - Tinto;VINHOS;Zig Card;FALSO;7;110,00;770,00;0,00;770,00
A0;Maktub Malbec - Tinto;VINHOS;Zig Card;FALSO;4;115,00;460,00;34,50;425,50
2E;Guaraná;SOFTS;Zig Card;VERDADEIRO;273;10,17;2776,00;170,80;2605,20
2E;Guaraná;SOFTS;Zig Card;VERDADEIRO;9;10,00;90,00;0,00;90,00
11487BK;Combo - Leblon;BURGUERS;Zig Card;VERDADEIRO;121;59,42;7190,00;171,20;7018,80
11487An;Pé de Moleque - Guest 50/25;Z-AUTORAIS ANTIGOS ;Zig Card;FALSO;3;42,00;126,00;0,00;126,00
114879o;Tempestade em Taça - Áries;VEDÊ SIGNOS;Zig Card;FALSO;338;40,00;13520,00;8,00;13512,00
J;Whiskey Smash;Y- OUTROS CLÁSSICOS ;Zig Card;FALSO;120;34,00;4080,00;153,00;3927,00
J;Whiskey Smash;Y- OUTROS CLÁSSICOS ;Zig Card;FALSO;108;36,00;3888,00;57,60;3830,40
9J;Iara;VEDÊ + RED BULL;Zig Card;FALSO;75;44,00;3300,00;50,60;3249,40
1a;Heineken 0.0 (LN);CERVEJAS;Zig Card;FALSO;363;16,00;5808,00;57,60;5750,40
1a;Heineken 0.0 (LN);CERVEJAS;Zig Card;FALSO;2;18,00;36,00;0,00;36,00
AA;Combo ballantines;Garrafas;Zig Card;FALSO;1;420,00;420,00;0,00;420,00
114879s;Penélope Charmosa - Libra;VEDÊ SIGNOS;Zig Card;FALSO;52;42,00;2184,00;0,00;2184,00
7N;Churros com Doce de Leite;SOBREMESAS;Zig Card;VERDADEIRO;148;26,00;3848,00;369,20;3478,80
1n;Água Tônica Zero;SOFTS;Zig Card;VERDADEIRO;54;10,00;540,00;0,00;540,00
97;Cosmopolitan;CLÁSSICOS;Zig Card;FALSO;96;36,00;3456,00;151,20;3304,80
97;Cosmopolitan;CLÁSSICOS;Zig Card;FALSO;352;40,00;14080,00;616,00;13464,00
7P;Dogão de Choripam com Queijo Canastra;Z-COMIDAS ANTIGAS;Zig Card;VERDADEIRO;151;46,46;7016,00;149,10;6866,90
23;Croquete da Sonic;Z-COMIDAS ANTIGAS;Zig Card;VERDADEIRO;105;46,03;4833,50;102,25;4731,25
AC;Combo smirnoff;Combos;Zig Card;FALSO;6;380,00;2280,00;114,00;2166,00
AC;Combo smirnoff;Combos;Zig Card;FALSO;2;400,00;800,00;0,00;800,00
M;Americano;Y- OUTROS CLÁSSICOS ;Zig Card;FALSO;11;34,00;374,00;0,00;374,00
1t;Sucos;SOFTS;Zig Card;VERDADEIRO;438;16,00;7008,00;30,40;6977,60
A6;ESTRELLA GALÍCIA;CERVEJAS;Zig Card;FALSO;407;14,00;5698,00;29,40;5668,60
A6;ESTRELLA GALÍCIA;CERVEJAS;Zig Card;FALSO;306;15,00;4590,00;9,00;4581,00
A6;ESTRELLA GALÍCIA;CERVEJAS;Zig Card;FALSO;5;18,00;90,00;0,00;90,00
H;Negroni;CLÁSSICOS;Zig Card;FALSO;421;36,00;15156,00;642,60;14513,40
H;Negroni;CLÁSSICOS;Zig Card;FALSO;2;40,00;80,00;0,00;80,00
11487Bk;Maktub Branco;VINHOS;Zig Card;FALSO;4;110,00;440,00;0,00;440,00
f;Hanky Panky;Y- OUTROS CLÁSSICOS ;Zig Card;FALSO;9;38,00;342,00;0,00;342,00
98;Sugestão 2;Y- OUTROS CLÁSSICOS ;Zig Card;FALSO;26;42,00;1092,00;111,30;980,70
98;Sugestão 2;Y- OUTROS CLÁSSICOS ;Zig Card;FALSO;6;46,00;276,00;13,80;262,20
11487BI;Leblon;BURGUERS;Zig Card;VERDADEIRO;107;41,08;4396,00;71,80;4324,20
7Y;Bruschetta Caprese (1/2);Z-COMIDAS ANTIGAS;Zig Card;VERDADEIRO;95;35,22;3346,00;6,80;3339,20
11487BS;Ipanema;BURGUERS;Zig Card;FALSO;5;42,00;210,00;25,20;184,80
1E;Campari - Dose;DOSES;Zig Card;FALSO;1;36,00;36,00;0,00;36,00
1E;Campari - Dose;DOSES;Zig Card;FALSO;10;20,00;200,00;0,00;200,00
1E;Campari - Dose;DOSES;Zig Card;FALSO;46;24,00;1104,00;7,20;1096,80
114879K;Chocogin;Z-AUTORAIS ANTIGOS ;Zig Card;FALSO;67;38,00;2546,00;0,00;2546,00
11487Bb;Fireball - Garrafa;Garrafas;Zig Card;FALSO;1;300,00;300,00;0,00;300,00
1B;Cachaça - Dose;DOSES;Zig Card;VERDADEIRO;90;25,57;2301,00;9,00;2292,00
n;Mint Julep;Y- OUTROS CLÁSSICOS ;Zig Card;FALSO;10;36,00;360,00;36,00;324,00
D;Fitzgerald Vedê;CLÁSSICOS;Zig Card;FALSO;858;38,00;32604,00;2413,00;30191,00
D;Fitzgerald Vedê;CLÁSSICOS;Zig Card;FALSO;9;42,00;378,00;100,80;277,20
D;Fitzgerald Vedê;CLÁSSICOS;Zig Card;FALSO;23;42,00;966,00;0,00;966,00
25;Linguiça Flambada na Cachaça;Z-COMIDAS ANTIGAS;Zig Card;VERDADEIRO;30;50,00;1500,00;37,50;1462,50
7c;Adicionais;Entradas;Zig Card;VERDADEIRO;235;4,87;1144,00;51,00;1093,00
2G;Schweppes;SOFTS;Zig Card;VERDADEIRO;163;10,11;1648,00;125,00;1523,00
AD;Combo Gin Curia;Combos;Zig Card;FALSO;1;380,00;380,00;0,00;380,00
AD;Combo Gin Curia;Combos;Zig Card;FALSO;2;380,00;760,00;0,00;760,00
114879A;Pizza  4 Queijos;CARDÁPIO DE INVERNO;Zig Card;FALSO;19;64,00;1216,00;38,40;1177,60
114879A;Pizza  4 Queijos;CARDÁPIO DE INVERNO;Zig Card;FALSO;14;66,00;924,00;79,20;844,80
1Y;Whisky - Dose;DOSES;Zig Card;VERDADEIRO;191;36,36;6945,00;55,80;6889,20
11487Aw;Curandeiro;SUNTORY;Zig Card;FALSO;4;50,00;200,00;30,00;170,00
11487Aw;Curandeiro;SUNTORY;Zig Card;FALSO;2;54,00;108,00;0,00;108,00
11487BR;Combo - Liberdade;BURGUERS;Zig Card;VERDADEIRO;10;56,40;564,00;0,00;564,00
02;Caipiroska;CAIPIRINHAS;Zig Card;VERDADEIRO;737;32,04;23614,00;3334,80;20279,20
02;Caipiroska;CAIPIRINHAS;Zig Card;VERDADEIRO;49;34,00;1666,00;0,00;1666,00
1S;Vodka - Dose;DOSES;Zig Card;VERDADEIRO;117;23,04;2696,00;16,00;2680,00
11487B0;JABUTI;AUTORAIS;Zig Card;FALSO;33;44,00;1452,00;17,60;1434,40
114879z;Guadalupe Pomelo;RDT;Zig Card;VERDADEIRO;39;16,46;642,00;0,00;642,00
114879z;Guadalupe Pomelo;RDT;Zig Card;VERDADEIRO;62;22,00;1364,00;0,00;1364,00
114879S;Combo Pavuna + Batata Trufada;BURGUERS;Zig Card;VERDADEIRO;59;66,78;3940,00;34,00;3906,00
v;Tom Collins;Y- OUTROS CLÁSSICOS ;Zig Card;FALSO;88;34,00;2992,00;180,20;2811,80
114879J;Mel Pingado;Z-AUTORAIS ANTIGOS ;Zig Card;FALSO;16;34,00;544,00;0,00;544,00
p;Old Fashioned;Y- OUTROS CLÁSSICOS ;Zig Card;FALSO;3;44,00;132,00;0,00;132,00
p;Old Fashioned;Y- OUTROS CLÁSSICOS ;Zig Card;FALSO;25;46,00;1150,00;0,00;1150,00
96;Rolha;VINHOS;Zig Card;FALSO;6;50,00;300,00;0,00;300,00
114879y;Guadalupe Margarita;RDT;Zig Card;VERDADEIRO;29;17,52;508,00;0,00;508,00
114879y;Guadalupe Margarita;RDT;Zig Card;VERDADEIRO;51;22,00;1122,00;0,00;1122,00
114879m;O Calculista - Virgem;VEDÊ SIGNOS;Zig Card;FALSO;126;36,00;4536,00;0,00;4536,00
114879n;Cinquenta Tons - Touro;VEDÊ SIGNOS;Zig Card;FALSO;65;42,00;2730,00;0,00;2730,00
1P;Tequila - Dose;DOSES;Zig Card;VERDADEIRO;23;35,13;808,00;0,00;808,00
11487Au;Renascentista;SUNTORY;Zig Card;FALSO;19;52,00;988,00;41,60;946,40
C;Carajillo;CLÁSSICOS;Zig Card;FALSO;186;46,00;8556,00;644,00;7912,00
C;Carajillo;CLÁSSICOS;Zig Card;FALSO;2;46,00;92,00;0,00;92,00
16;Gin + red bull;GINS;Zig Card;VERDADEIRO;426;40,23;17136,00;133,20;17002,80
16;Gin + red bull;GINS;Zig Card;VERDADEIRO;105;44,00;4620,00;0,00;4620,00
11487BH;Combo X-Brasil;BURGUERS;Zig Card;VERDADEIRO;78;54,82;4276,00;43,00;4233,00
07;Ayayá;GINS;Zig Card;VERDADEIRO;307;40,00;12280,00;1160,00;11120,00
11487C5;Torta de limão - pedaço;SOBREMESAS;Zig Card;FALSO;5;24,00;120,00;0,00;120,00
11487AE;Pizza churros doce de leite ;Z-COMIDAS ANTIGAS;Zig Card;VERDADEIRO;3;50,00;150,00;0,00;150,00
11487A4;Taça Terraços do Tejo - Branco;VINHOS;Zig Card;FALSO;16;38,00;608,00;0,00;608,00
11487A4;Taça Terraços do Tejo - Branco;VINHOS;Zig Card;FALSO;1;45,00;45,00;0,00;45,00
8q;Vodka Wellness;Y- OUTROS CLÁSSICOS ;Zig Card;FALSO;3;40,00;120,00;0,00;120,00
7R;Burrata com Pesto de Castanha de Caju e Tomate Cereja;Z-COMIDAS ANTIGAS;Zig Card;VERDADEIRO;51;77,33;3944,00;94,00;3850,00
11487BU;Combo - Ipanema ;BURGUERS;Zig Card;VERDADEIRO;6;59,33;356,00;17,40;338,60
114879T;Combo Leblon + Batata Páprica;BURGUERS;Zig Card;VERDADEIRO;342;59,81;20455,00;230,20;20224,80
11487B6;Caetê;VEDÊ + RED BULL;Zig Card;FALSO;5;44,00;220,00;0,00;220,00
9;Tropicalia;MOCKTAILS;Zig Card;VERDADEIRO;479;28,37;13588,00;46,60;13541,40
11487B2;Brandy Sour;RELEITURAS;Zig Card;FALSO;2;40,00;80,00;0,00;80,00
j;Manhattan;Y- OUTROS CLÁSSICOS ;Zig Card;FALSO;42;42,00;1764,00;151,20;1612,80
AV;Boulevardier Fire;VEDÊ + CAMPARI;Zig Card;FALSO;6;40,00;240,00;0,00;240,00
0t;Puiicon;INTOCAVEIS;Zig Card;FALSO;367;44,00;16148,00;1408,00;14740,00
0t;Puiicon;INTOCAVEIS;Zig Card;FALSO;8;44,00;352,00;0,00;352,00
11487B5;Apuã;VEDÊ + RED BULL;Zig Card;FALSO;4;46,00;184,00;0,00;184,00
114879F;Chácaça;Z-AUTORAIS ANTIGOS ;Zig Card;FALSO;44;38,00;1672,00;38,00;1634,00
114879W;Balde Estrella Galicia ;CERVEJAS;Zig Card;FALSO;16;56,00;896,00;16,80;879,20
114879W;Balde Estrella Galicia ;CERVEJAS;Zig Card;FALSO;122;68,00;8296,00;156,40;8139,60
7L;Vitória Régia;Z- ANTIGOS;Zig Card;VERDADEIRO;64;35,63;2280,00;117,40;2162,60
11487A7;Cupido Sour - Namorados;Z-AUTORAIS ANTIGOS ;Zig Card;FALSO;7;42,00;294,00;0,00;294,00
114879k;8 ou 80 - Escorpião;VEDÊ SIGNOS;Zig Card;FALSO;58;44,00;2552,00;0,00;2552,00
AL;Copacabana;BURGUERS;Zig Card;VERDADEIRO;236;43,98;10380,00;667,80;9712,20
24;Bruschetta Caprese;Entradas;Zig Card;VERDADEIRO;189;57,82;10928,00;172,40;10755,60
2A;Sorvetes da Casa;Z-COMIDAS ANTIGAS;Zig Card;VERDADEIRO;4;22,00;88,00;0,00;88,00
114879t;Áquariano Nato - Áquario;VEDÊ SIGNOS;Zig Card;FALSO;79;38,00;3002,00;0,00;3002,00
11487BF;Combo - Copacabana;BURGUERS;Zig Card;VERDADEIRO;53;59,21;3138,00;179,40;2958,60
11487Ap;Hanami;GUEST - 50/25;Zig Card;FALSO;3;42,00;126,00;0,00;126,00
0n;Cacau Martini;INTOCAVEIS;Zig Card;FALSO;177;38,00;6726,00;220,40;6505,60
0n;Cacau Martini;INTOCAVEIS;Zig Card;FALSO;38;40,00;1520,00;40,00;1480,00
11487BO;Combo - Pavuna;BURGUERS;Zig Card;VERDADEIRO;23;58,26;1340,00;0,00;1340,00
11487Ax;Yokai;SUNTORY;Zig Card;FALSO;25;54,00;1350,00;0,00;1350,00
11487Bw;Junior Mint;AUTORAIS;Zig Card;FALSO;1;38,00;38,00;0,00;38,00
11487Ag;Gnocchi Pomodoro;CARDÁPIO DE INVERNO;Zig Card;FALSO;16;36,00;576,00;0,00;576,00
2C;Coca Cola;SOFTS;Zig Card;VERDADEIRO;690;10,10;6968,00;175,50;6792,50
2C;Coca Cola;SOFTS;Zig Card;VERDADEIRO;3;10,00;30,00;0,00;30,00
114879q;Mochileiro - Sagitário;VEDÊ SIGNOS;Zig Card;FALSO;134;42,00;5628,00;0,00;5628,00
1L;Rum - Dose;DOSES;Zig Card;VERDADEIRO;2;25,00;50,00;0,00;50,00
1148798;Pizza  Amore Di Brie;CARDÁPIO DE INVERNO;Zig Card;FALSO;20;66,00;1320,00;19,80;1300,20
1148798;Pizza  Amore Di Brie;CARDÁPIO DE INVERNO;Zig Card;FALSO;11;72,00;792,00;86,40;705,60
00;White Lady;Y- OUTROS CLÁSSICOS ;Zig Card;FALSO;8;38,00;304,00;0,00;304,00
06;GT - Gin & Tônica;GINS;Zig Card;VERDADEIRO;175;36,41;6372,00;247,80;6124,20
114879i;Último Romântico - Peixes;VEDÊ SIGNOS;Zig Card;FALSO;311;38,00;11818,00;11,40;11806,60
1148799;Cheescake  de Frutas Vermelhas;SOBREMESAS;Zig Card;FALSO;1;34,00;34,00;0,00;34,00
114879O;Ipê Rosa;VEDÊ + RED BULL;Zig Card;FALSO;13;40,00;520,00;0,00;520,00
11487Bh;Whisky - Garrafa;Garrafas;Zig Card;VERDADEIRO;2;405,00;810,00;0,00;810,00
9L;Cuca;Z-AUTORAIS ANTIGOS ;Zig Card;FALSO;2;46,00;92,00;0,00;92,00
114879R;Combo Pavuna + Batata Páprica;BURGUERS;Zig Card;VERDADEIRO;109;59,06;6438,00;63,00;6375,00
11487BT;Jardins;BURGUERS;Zig Card;FALSO;7;40,00;280,00;12,00;268,00
P;Bee's Knees;Y- OUTROS CLÁSSICOS ;Zig Card;FALSO;22;36,00;792,00;46,80;745,20
114879g;Transilvania Sour;Z-AUTORAIS ANTIGOS ;Zig Card;FALSO;1;40,00;40,00;40,00;0,00
11487Bi;Do Carlinhos;CAIPIRINHAS;Zig Card;VERDADEIRO;21;31,71;666,00;32,00;634,00
AI;Combo ballantines;Combos;Zig Card;FALSO;2;400,00;800,00;0,00;800,00
AE;Combo vodka grey goose;Combos;Zig Card;FALSO;7;600,00;4200,00;180,00;4020,00
AE;Combo vodka grey goose;Combos;Zig Card;FALSO;2;500,00;1000,00;0,00;1000,00
9K;Caipora;Z-AUTORAIS ANTIGOS ;Zig Card;FALSO;14;46,00;644,00;0,00;644,00
11487A0;mini burger;ab;Zig Card;FALSO;1;44,00;44,00;0,00;44,00
11487A0;mini burger;ab;Zig Card;FALSO;4;44,00;176,00;0,00;176,00
11487BE;Copacabana;BURGUERS;Zig Card;VERDADEIRO;50;41,00;2050,00;81,20;1968,80
114879Y;Cozumel;CERVEJAS;Zig Card;FALSO;25;18,00;450,00;0,00;450,00
11487C0;One o One;VEDÊ + CAMPARI;Zig Card;FALSO;1;36,00;36,00;0,00;36,00
03;Sakerinha;CAIPIRINHAS;Zig Card;VERDADEIRO;287;33,21;9530,00;1045,00;8485,00
03;Sakerinha;CAIPIRINHAS;Zig Card;VERDADEIRO;5;34,00;170,00;0,00;170,00
1m;Água Tônica;SOFTS;Zig Card;VERDADEIRO;35;10,00;350,00;3,50;346,50
114879U;Combo Leblon + Batata Trufada;BURGUERS;Zig Card;VERDADEIRO;164;67,49;11068,00;26,20;11041,80
7Q;Batata Crinkle Trufada com Parmesão;Entradas;Zig Card;VERDADEIRO;618;35,03;21645,50;77,40;21568,10
114879L;Da Fazenda;RELEITURAS;Zig Card;FALSO;102;36,00;3672,00;208,80;3463,20
1l;Água c/ gás;SOFTS;Zig Card;VERDADEIRO;819;6,00;4914,00;27,30;4886,70
1l;Água c/ gás;SOFTS;Zig Card;VERDADEIRO;4;6,00;24,00;0,00;24,00
114879X;Cozumel;CERVEJAS;Zig Card;FALSO;127;18,00;2286,00;8,10;2277,90
AU;Garibaldi;VEDÊ + CAMPARI;Zig Card;FALSO;17;36,00;612,00;0,00;612,00
1G;Gin - Dose;DOSES;Zig Card;VERDADEIRO;6;34,00;204,00;0,00;204,00
c;French 75;Y- OUTROS CLÁSSICOS ;Zig Card;FALSO;18;40,00;720,00;0,00;720,00
11487BN;Higienópolis;BURGUERS;Zig Card;VERDADEIRO;22;34,36;756,00;32,40;723,60
11487BM;Combo - Brooklyn;BURGUERS;Zig Card;VERDADEIRO;20;61,00;1220,00;28,80;1191,20
9I;COXINHA PORÇÃO COM 10 UNIDADES;Entradas;Zig Card;VERDADEIRO;377;43,85;16532,00;630,20;15901,80
9I;COXINHA PORÇÃO COM 10 UNIDADES;Entradas;Zig Card;VERDADEIRO;6;42,00;252,00;0,00;252,00
7I;Curupira;Z- ANTIGOS;Zig Card;VERDADEIRO;1;34,00;34,00;0,00;34,00
AB;Combo jack daniels;Combos;Zig Card;FALSO;1;500,00;500,00;0,00;500,00
7T;Ball de Carne Seca;Entradas;Zig Card;VERDADEIRO;337;56,00;18872,00;389,20;18482,80
11487BP;Combo - Higienópolis;BURGUERS;Zig Card;VERDADEIRO;31;51,10;1584,00;66,40;1517,60
AR;Combo Copacabana + Batata Páprica;BURGUERS;Zig Card;VERDADEIRO;135;61,24;8267,00;331,40;7935,60
114879C;Capuccino Whisky;Z-AUTORAIS ANTIGOS ;Zig Card;FALSO;134;44,00;5896,00;215,60;5680,40
114879N;Bombeirissímo;Z-AUTORAIS ANTIGOS ;Zig Card;FALSO;72;34,00;2448,00;0,00;2448,00
Z;Dry Martini;Y- OUTROS CLÁSSICOS ;Zig Card;FALSO;70;38,00;2660,00;171,00;2489,00
11487BX;Tabua de petiscos;Entradas;Zig Card;FALSO;8;60,00;480,00;42,00;438,00
11487Ar;Open Caipirinha;CAIPIRINHAS;Zig Card;FALSO;14;50,00;700,00;0,00;700,00
11487Ar;Open Caipirinha;CAIPIRINHAS;Zig Card;FALSO;12;60,00;720,00;12,00;708,00
114879H;Introdução ao Martini;Z-AUTORAIS ANTIGOS ;Zig Card;FALSO;10;42,00;420,00;21,00;399,00
11487Bj;Vitória Régia;CAIPIRINHAS;Zig Card;VERDADEIRO;9;31,78;286,00;0,00;286,00
1Z;Heineken (LN);CERVEJAS;Zig Card;FALSO;4273;16,00;68368,00;299,20;68068,80
1Z;Heineken (LN);CERVEJAS;Zig Card;FALSO;3;18,00;54,00;5,40;48,60
1Z;Heineken (LN);CERVEJAS;Zig Card;FALSO;191;18,00;3438,00;0,00;3438,00
2D;Coca Cola Zero;SOFTS;Zig Card;VERDADEIRO;1229;10,16;12484,00;334,40;12149,60
2D;Coca Cola Zero;SOFTS;Zig Card;VERDADEIRO;4;10,00;40,00;0,00;40,00
8o;Xeque Mate;RDT;Zig Card;VERDADEIRO;1993;20,40;40666,00;140,20;40525,80
8i;Long Necks (Balde com 5);CERVEJAS;Zig Card;VERDADEIRO;781;70,87;55352,00;2768,40;52583,60
8i;Long Necks (Balde com 5);CERVEJAS;Zig Card;VERDADEIRO;12;80,00;960,00;0,00;960,00
8s;CORONA LG;CERVEJAS;Zig Card;FALSO;790;16,00;12640,00;50,40;12589,60
7J;Pisco Sour;Y- OUTROS CLÁSSICOS ;Zig Card;FALSO;76;40,00;3040,00;84,00;2956,00
O;Bacardi Cocktail;Y- OUTROS CLÁSSICOS ;Zig Card;FALSO;33;34,00;1122,00;0,00;1122,00
11487Af;Gnocchi de cogumelos;CARDÁPIO DE INVERNO;Zig Card;FALSO;15;38,00;570,00;0,00;570,00
Y;Daiquiri;Y- OUTROS CLÁSSICOS ;Zig Card;FALSO;51;32,00;1632,00;67,20;1564,80
11487Bv;Cousins Sour;AUTORAIS;Zig Card;FALSO;3;36,00;108,00;0,00;108,00
AM;X-brasil;BURGUERS;Zig Card;VERDADEIRO;276;39,89;11009,00;272,00;10737,00
K;Whiskey Sour;CLÁSSICOS;Zig Card;FALSO;279;36,00;10044,00;950,40;9093,60
22;Sticks de Tapioca;Entradas;Zig Card;FALSO;371;42,00;15582,00;172,20;15409,80
22;Sticks de Tapioca;Entradas;Zig Card;FALSO;1;42,00;42,00;0,00;42,00
114879p;Espelho Meu - Leão;VEDÊ SIGNOS;Zig Card;FALSO;114;40,00;4560,00;40,00;4520,00
01;Caipirinha;CAIPIRINHAS;Zig Card;VERDADEIRO;590;30,37;17920,00;3523,40;14396,60
01;Caipirinha;CAIPIRINHAS;Zig Card;VERDADEIRO;33;34,61;1142,00;0,00;1142,00
AS;Combo X- Brasil + Batata Trufada;BURGUERS;Zig Card;VERDADEIRO;67;66,72;4470,00;34,00;4436,00
9G;Porção de Pastéis;Entradas;Zig Card;VERDADEIRO;817;42,41;34646,00;753,20;33892,80
9G;Porção de Pastéis;Entradas;Zig Card;VERDADEIRO;3;38,00;114,00;0,00;114,00
1I;Licores - Dose;DOSES;Zig Card;VERDADEIRO;112;38,91;4358,00;72,00;4286,00
0s;NEGRONI DE VERÃO;Z-AUTORAIS ANTIGOS ;Zig Card;FALSO;2;32,00;64,00;0,00;64,00
26;Guacamole com Chips de Banana da Terra;Entradas;Zig Card;FALSO;47;52,00;2444,00;31,20;2412,80
11487BC;Arpoador;BURGUERS;Zig Card;VERDADEIRO;64;44,78;2866,00;348,40;2517,60
11487Az;JANGADINHA;AUTORAIS;Zig Card;FALSO;18;40,00;720,00;32,00;688,00
AW;Salty Bird;Z-AUTORAIS ANTIGOS ;Zig Card;FALSO;7;40,00;280,00;12,00;268,00
11487BL;Pavuna;BURGUERS;Zig Card;FALSO;23;40,00;920,00;0,00;920,00
S;Boulevardier;Y- OUTROS CLÁSSICOS ;Zig Card;FALSO;67;44,00;2948,00;167,20;2780,80
11487Ac;Chopp heineken 350ML;CHOPP;Zig Card;FALSO;1;16,00;16,00;0,00;16,00
11487Ac;Chopp heineken 350ML;CHOPP;Zig Card;FALSO;659;14,00;9226,00;228,20;8997,80
11487Ac;Chopp heineken 350ML;CHOPP;Zig Card;FALSO;7;16,00;112,00;48,00;64,00
11487BQ;Liberdade;BURGUERS;Zig Card;VERDADEIRO;11;38,55;424,00;34,80;389,20
11487Aq;Open Chopp;CHOPP;Zig Card;FALSO;18;60,00;1080,00;18,00;1062,00
27;Batata Crinkle Páprica;Entradas;Zig Card;VERDADEIRO;541;28,96;15669,50;99,30;15570,20
27;Batata Crinkle Páprica;Entradas;Zig Card;VERDADEIRO;2;30,00;60,00;0,00;60,00
11487Ah;Pizza Margherita;CARDÁPIO DE INVERNO;Zig Card;FALSO;24;58,00;1392,00;0,00;1392,00
h;Long Island Iced Tea;Y- OUTROS CLÁSSICOS ;Zig Card;FALSO;37;42,00;1554,00;12,60;1541,40
1N;Sake;DOSES;Zig Card;FALSO;3;22,00;66,00;0,00;66,00
8Z;Garrafa Smirnoff;Garrafas;Zig Card;FALSO;3;220,00;660,00;0,00;660,00
AG;Combo beg gin;Garrafas;Zig Card;FALSO;1;460,00;460,00;0,00;460,00
28;Mousse Francês;SOBREMESAS;Zig Card;FALSO;2;32,00;64,00;16,00;48,00
11487B3;Limoncello Spritz;CLÁSSICOS;Zig Card;FALSO;21;38,00;798,00;68,40;729,60
A1;Vinho - Taça;VINHOS;Zig Card;FALSO;5;38,00;190,00;11,40;178,60
11487Ao;Feiticeiro - Guest 50/25;Z-AUTORAIS ANTIGOS ;Zig Card;FALSO;2;42,00;84,00;0,00;84,00
AJ;Leblon;BURGUERS;Zig Card;VERDADEIRO;569;42,18;23999,00;1262,00;22737,00
114879E;Tropical 43;INTOCAVEIS;Zig Card;FALSO;684;44,00;30096,00;1012,00;29084,00
05;Arara Azul;Z-AUTORAIS ANTIGOS ;Zig Card;VERDADEIRO;111;38,00;4218,00;361,00;3857,00
114879M;Gonzaga;Z-AUTORAIS ANTIGOS ;Zig Card;FALSO;17;38,00;646,00;38,00;608,00
l;Mojito;Y- OUTROS CLÁSSICOS ;Zig Card;FALSO;162;30,00;4860,00;420,00;4440,00
l;Mojito;Y- OUTROS CLÁSSICOS ;Zig Card;FALSO;76;34,00;2584,00;125,80;2458,20
11487B1;ARRETADO;AUTORAIS;Zig Card;FALSO;2;46,00;92,00;0,00;92,00
114879I;Chá Curatudo;MOCKTAILS;Zig Card;VERDADEIRO;165;24,47;4038,00;26,40;4011,60
11487BV;Combo - Jardins;BURGUERS;Zig Card;VERDADEIRO;7;57,14;400,00;0,00;400,00
11487AB;Pizza Burrata;Z-COMIDAS ANTIGAS;Zig Card;FALSO;3;74,00;222,00;0,00;222,00
0C;Uirapuru;Z-AUTORAIS ANTIGOS ;Zig Card;VERDADEIRO;55;38,00;2090,00;95,00;1995,00
AQ;Combo Copacabana + Batata Trufada;BURGUERS;Zig Card;VERDADEIRO;77;69,05;5317,00;149,90;5167,10
29;Brownie com Sorvete;SOBREMESAS;Zig Card;VERDADEIRO;224;28,37;6354,00;408,00;5946,00
11487A3;Taça Terraços do Tejo - Tinto;VINHOS;Zig Card;FALSO;19;38,00;722,00;0,00;722,00
u;Tequila Sunrise;Y- OUTROS CLÁSSICOS ;Zig Card;FALSO;8;44,00;352,00;0,00;352,00
B;Aperol Spritz;CLÁSSICOS;Zig Card;FALSO;665;38,00;25270,00;972,80;24297,20
B;Aperol Spritz;CLÁSSICOS;Zig Card;FALSO;19;42,00;798,00;0,00;798,00
114879h;Xequilhas;RELEITURAS;Zig Card;FALSO;20;30,00;600,00;0,00;600,00
11487Am;Loose Your Head - Guest 50/25;Z-AUTORAIS ANTIGOS ;Zig Card;FALSO;3;42,00;126,00;0,00;126,00
114879l;Grã-Fino - Capricórnio;VEDÊ SIGNOS;Zig Card;FALSO;66;40,00;2640,00;0,00;2640,00
11487Ad;Quentão;CARDÁPIO DE INVERNO;Zig Card;FALSO;12;16,00;192,00;0,00;192,00
11487AD;Pizza de Brownie de chocolate;Z-COMIDAS ANTIGAS;Zig Card;VERDADEIRO;6;50,00;300,00;0,00;300,00
2F;Guaraná Zero;SOFTS;Zig Card;VERDADEIRO;208;10,36;2154,00;44,00;2110,00
7X;Croquete da Sonic (1/2);Z-COMIDAS ANTIGAS;Zig Card;VERDADEIRO;46;32,08;1475,50;12,80;1462,70
7S;Ball de Carne Seca (1/2);Z-COMIDAS ANTIGAS;Zig Card;VERDADEIRO;101;34,00;3434,00;20,40;3413,60
AX;Coffee Negroni;VEDÊ + CAMPARI;Zig Card;FALSO;22;40,00;880,00;12,00;868,00
11487Bl;Alamos Malbec Tinto Argentina;VINHOS;Zig Card;FALSO;1;180,00;180,00;0,00;180,00
11487Bx;JARRA MARGARITA ;AUTORAIS;Zig Card;FALSO;5;60,00;300,00;0,00;300,00
0m;AJUBÁ;Z-AUTORAIS ANTIGOS ;Zig Card;FALSO;6;88,00;528,00;0,00;528,00
AF;Combo gordons;Combos;Zig Card;FALSO;1;440,00;440,00;0,00;440,00
AF;Combo gordons;Combos;Zig Card;FALSO;2;440,00;880,00;0,00;880,00
1148796;NHOQUE DE BATATA;COMIDAS;Zig Card;FALSO;8;34,00;272,00;30,60;241,40
I;Penicilin;CLÁSSICOS;Zig Card;FALSO;151;42,00;6342,00;581,70;5760,30
I;Penicilin;CLÁSSICOS;Zig Card;FALSO;7;42,00;294,00;0,00;294,00
114879x;copo aboá;ab;Zig Card;FALSO;95;10,00;950,00;0,00;950,00
114879v;Caipirinha de Limão;Z- ANTIGOS;Zig Card;FALSO;102;30,00;3060,00;960,00;2100,00
11487Ba;Banzeiro;CLÁSSICOS;Zig Card;FALSO;8;36,00;288,00;21,60;266,40
114879D;MelJericão;Z-AUTORAIS ANTIGOS ;Zig Card;FALSO;31;38,00;1178,00;19,00;1159,00
11487A2;Terraços do Tejo - Branco;VINHOS;Zig Card;FALSO;13;110,00;1430,00;33,00;1397,00
1148797;Pizza Al Tartafue;Z-COMIDAS ANTIGAS;Zig Card;FALSO;7;66,00;462,00;39,60;422,40
11487A5;Calamaco Reserva Tinto Malbec;VINHOS;Zig Card;FALSO;3;260,00;780,00;0,00;780,00
1k;Água;SOFTS;Zig Card;VERDADEIRO;2135;6,00;12810,00;42,00;12768,00
1k;Água;SOFTS;Zig Card;VERDADEIRO;81;6,00;486,00;0,00;486,00
1H;JAGERMEISTER;DOSES;Zig Card;FALSO;14;15,00;210,00;0,00;210,00
1H;JAGERMEISTER;DOSES;Zig Card;FALSO;10;35,00;350,00;0,00;350,00
1H;JAGERMEISTER;DOSES;Zig Card;FALSO;15;15,00;225,00;0,00;225,00
8f;Sol;CERVEJAS;Zig Card;VERDADEIRO;1569;16,18;25388,00;90,20;25297,80
8f;Sol;CERVEJAS;Zig Card;VERDADEIRO;1;18,00;18,00;0,00;18,00
8Y;Jorge Amado;CAIPIRINHAS;Zig Card;FALSO;38;34,00;1292,00;30,60;1261,40
8Y;Jorge Amado;CAIPIRINHAS;Zig Card;FALSO;525;36,00;18900,00;1567,80;17332,20
114879j;Drama Queen - Câncer;VEDÊ SIGNOS;Zig Card;FALSO;229;36,00;8244,00;36,00;8208,00
AT;Combo X-Brasil + Batata Paprica;BURGUERS;Zig Card;VERDADEIRO;106;58,81;6234,00;45,60;6188,40
11487BD;Combo - Arpoador;BURGUERS;Zig Card;VERDADEIRO;41;61,37;2516,00;99,20;2416,80
11487Ay;BATUQUE;AUTORAIS;Zig Card;FALSO;21;44,00;924,00;0,00;924,00
11487By;Negroni Perfeito;VEDÊ + CAMPARI;Zig Card;FALSO;1;44,00;44,00;0,00;44,00
F;Macunaíma;CLÁSSICOS;Zig Card;FALSO;166;30,00;4980,00;444,00;4536,00
114879Q;Pavuna;COMIDAS;Zig Card;FALSO;234;40,00;9360,00;142,00;9218,00
11487Av;Hanami;SUNTORY;Zig Card;FALSO;3;54,00;162,00;0,00;162,00
11487Av;Hanami;SUNTORY;Zig Card;FALSO;4;58,00;232,00;0,00;232,00
1o;Red bull;SOFTS;Zig Card;VERDADEIRO;695;20,00;13900,00;437,00;13463,00
1o;Red bull;SOFTS;Zig Card;VERDADEIRO;65;20,00;1300,00;0,00;1300,00
11487Ae;Choconhaque;CARDÁPIO DE INVERNO;Zig Card;FALSO;6;14,40;86,40;0,00;86,40
11487Ae;Choconhaque;CARDÁPIO DE INVERNO;Zig Card;FALSO;35;16,00;560,00;0,00;560,00
AN;Cheesburger+ chips+Refri;BURGUERS;Zig Card;VERDADEIRO;6;49,90;299,40;59,88;239,52
7K;Boitatá;CAIPIRINHAS;Zig Card;VERDADEIRO;85;33,11;2814,00;0,00;2814,00
11487A1;Terraços do Tejo  Blend- Tinto;VINHOS;Zig Card;FALSO;14;110,00;1540,00;0,00;1540,00
G;Moscow Mule;CLÁSSICOS;Zig Card;FALSO;521;36,00;18756,00;1216,80;17539,20
11487BG;X-Brasil;BURGUERS;Zig Card;VERDADEIRO;83;35,88;2978,00;6,80;2971,20
X;Cuba Libre;Y- OUTROS CLÁSSICOS ;Zig Card;FALSO;28;38,00;1064,00;38,00;1026,00
E;Gin Basil Smash;CLÁSSICOS;Zig Card;FALSO;56;36,00;2016,00;97,20;1918,80
114879V;Soltinho;RELEITURAS;Zig Card;FALSO;10;38,00;380,00;72,20;307,80
114879V;Soltinho;RELEITURAS;Zig Card;FALSO;282;42,00;11844,00;1260,00;10584,00
114879r;Feira Livre - Gemêos;VEDÊ SIGNOS;Zig Card;FALSO;73;46,00;3358,00;0,00;3358,00
11487Ai;Pizza Calabresa;CARDÁPIO DE INVERNO;Zig Card;FALSO;12;58,00;696,00;0,00;696,00
8;Iça Manauara;INTOCAVEIS;Zig Card;FALSO;76;40,00;3040,00;212,00;2828,00
8;Iça Manauara;INTOCAVEIS;Zig Card;FALSO;297;42,00;12474,00;247,80;12226,20
